timeStamp,elapsed,label,responseCode,responseMessage,threadName,dataType,success,failureMessage,bytes,sentBytes,grpThreads,allThreads,URL,Latency,IdleTime,Connect
1695227651539,1177,/api/AppUser,200,OK,Https URL/API Test 1-1,text,true,,663,387,1,1,https://uno-uat.nivabupa.com/UNOGrowLearnApi/api/AppUser,1169,0,1052
1695227652727,1021,/api/AppUser/:id,Non HTTP response code: java.io.IOException,Non HTTP response message: Exceeded maximum number of redirects: 20,Https URL/API Test 1-1,text,false,,13398,6677,1,1,https://uno-uat.nivabupa.com/error.html,48,0,0
1695227652727,48,/api/AppUser/:id-0,302,Redirect,Https URL/API Test 1-1,text,true,,609,314,1,1,https://uno-uat.nivabupa.com/api/AppUser/:id?id=01,48,0,0
1695227652775,48,/api/AppUser/:id-1,302,Redirect,Https URL/API Test 1-1,text,true,,609,303,1,1,https://uno-uat.nivabupa.com/error.html,48,0,0
1695227652824,48,/api/AppUser/:id-2,302,Redirect,Https URL/API Test 1-1,text,true,,609,303,1,1,https://uno-uat.nivabupa.com/error.html,48,0,0
1695227652873,54,/api/AppUser/:id-3,302,Redirect,Https URL/API Test 1-1,text,true,,609,303,1,1,https://uno-uat.nivabupa.com/error.html,54,0,0
1695227652928,51,/api/AppUser/:id-4,302,Redirect,Https URL/API Test 1-1,text,true,,609,303,1,1,https://uno-uat.nivabupa.com/error.html,51,0,0
1695227652980,46,/api/AppUser/:id-5,302,Redirect,Https URL/API Test 1-1,text,true,,609,303,1,1,https://uno-uat.nivabupa.com/error.html,46,0,0
1695227653026,49,/api/AppUser/:id-6,302,Redirect,Https URL/API Test 1-1,text,true,,609,303,1,1,https://uno-uat.nivabupa.com/error.html,49,0,0
1695227653076,47,/api/AppUser/:id-7,302,Redirect,Https URL/API Test 1-1,text,true,,609,303,1,1,https://uno-uat.nivabupa.com/error.html,47,0,0
1695227653124,47,/api/AppUser/:id-8,302,Redirect,Https URL/API Test 1-1,text,true,,609,303,1,1,https://uno-uat.nivabupa.com/error.html,47,0,0
1695227653172,52,/api/AppUser/:id-9,302,Redirect,Https URL/API Test 1-1,text,true,,609,303,1,1,https://uno-uat.nivabupa.com/error.html,52,0,0
1695227653225,45,/api/AppUser/:id-10,302,Redirect,Https URL/API Test 1-1,text,true,,609,303,1,1,https://uno-uat.nivabupa.com/error.html,45,0,0
1695227653270,46,/api/AppUser/:id-11,302,Redirect,Https URL/API Test 1-1,text,true,,609,303,1,1,https://uno-uat.nivabupa.com/error.html,46,0,0
1695227653316,46,/api/AppUser/:id-12,302,Redirect,Https URL/API Test 1-1,text,true,,609,303,1,1,https://uno-uat.nivabupa.com/error.html,46,0,0
1695227653362,45,/api/AppUser/:id-13,302,Redirect,Https URL/API Test 1-1,text,true,,609,303,1,1,https://uno-uat.nivabupa.com/error.html,45,0,0
1695227653407,48,/api/AppUser/:id-14,302,Redirect,Https URL/API Test 1-1,text,true,,609,303,1,1,https://uno-uat.nivabupa.com/error.html,48,0,0
1695227653456,48,/api/AppUser/:id-15,302,Redirect,Https URL/API Test 1-1,text,true,,609,303,1,1,https://uno-uat.nivabupa.com/error.html,47,0,0
1695227653504,49,/api/AppUser/:id-16,302,Redirect,Https URL/API Test 1-1,text,true,,609,303,1,1,https://uno-uat.nivabupa.com/error.html,49,0,0
1695227653554,49,/api/AppUser/:id-17,302,Redirect,Https URL/API Test 1-1,text,true,,609,303,1,1,https://uno-uat.nivabupa.com/error.html,49,0,0
1695227653604,46,/api/AppUser/:id-18,302,Redirect,Https URL/API Test 1-1,text,true,,609,303,1,1,https://uno-uat.nivabupa.com/error.html,46,0,0
1695227653651,48,/api/AppUser/:id-19,302,Redirect,Https URL/API Test 1-1,text,true,,609,303,1,1,https://uno-uat.nivabupa.com/error.html,48,0,0
1695227653700,48,/api/AppUser/:id-20,302,Redirect,Https URL/API Test 1-1,text,true,,609,303,1,1,https://uno-uat.nivabupa.com/error.html,48,0,0
1695227653700,48,/api/AppUser/:id-21,Non HTTP response code: java.io.IOException,Non HTTP response message: Exceeded maximum number of redirects: 20,Https URL/API Test 1-1,text,false,,609,303,1,1,https://uno-uat.nivabupa.com/error.html,48,0,0
1695227653798,1068,/api/AppUser/Edit,Non HTTP response code: java.io.IOException,Non HTTP response message: Exceeded maximum number of redirects: 20,Https URL/API Test 1-1,text,false,,13398,7685,1,1,https://uno-uat.nivabupa.com/error.html,54,0,0
1695227653798,54,/api/AppUser/Edit-0,302,Redirect,Https URL/API Test 1-1,text,true,,609,587,1,1,https://uno-uat.nivabupa.com/api/AppUser/Edit,54,0,0
1695227653853,48,/api/AppUser/Edit-1,302,Redirect,Https URL/API Test 1-1,text,true,,609,338,1,1,https://uno-uat.nivabupa.com/error.html,48,0,0
1695227653901,48,/api/AppUser/Edit-2,302,Redirect,Https URL/API Test 1-1,text,true,,609,338,1,1,https://uno-uat.nivabupa.com/error.html,48,0,0
1695227653950,47,/api/AppUser/Edit-3,302,Redirect,Https URL/API Test 1-1,text,true,,609,338,1,1,https://uno-uat.nivabupa.com/error.html,47,0,0
1695227653998,51,/api/AppUser/Edit-4,302,Redirect,Https URL/API Test 1-1,text,true,,609,338,1,1,https://uno-uat.nivabupa.com/error.html,51,0,0
1695227654049,51,/api/AppUser/Edit-5,302,Redirect,Https URL/API Test 1-1,text,true,,609,338,1,1,https://uno-uat.nivabupa.com/error.html,51,0,0
1695227654101,51,/api/AppUser/Edit-6,302,Redirect,Https URL/API Test 1-1,text,true,,609,338,1,1,https://uno-uat.nivabupa.com/error.html,50,0,0
1695227654152,54,/api/AppUser/Edit-7,302,Redirect,Https URL/API Test 1-1,text,true,,609,338,1,1,https://uno-uat.nivabupa.com/error.html,53,0,0
1695227654206,49,/api/AppUser/Edit-8,302,Redirect,Https URL/API Test 1-1,text,true,,609,338,1,1,https://uno-uat.nivabupa.com/error.html,49,0,0
1695227654256,49,/api/AppUser/Edit-9,302,Redirect,Https URL/API Test 1-1,text,true,,609,338,1,1,https://uno-uat.nivabupa.com/error.html,49,0,0
1695227654305,49,/api/AppUser/Edit-10,302,Redirect,Https URL/API Test 1-1,text,true,,609,338,1,1,https://uno-uat.nivabupa.com/error.html,49,0,0
1695227654355,47,/api/AppUser/Edit-11,302,Redirect,Https URL/API Test 1-1,text,true,,609,338,1,1,https://uno-uat.nivabupa.com/error.html,47,0,0
1695227654402,49,/api/AppUser/Edit-12,302,Redirect,Https URL/API Test 1-1,text,true,,609,338,1,1,https://uno-uat.nivabupa.com/error.html,49,0,0
1695227654452,50,/api/AppUser/Edit-13,302,Redirect,Https URL/API Test 1-1,text,true,,609,338,1,1,https://uno-uat.nivabupa.com/error.html,50,0,0
1695227654502,58,/api/AppUser/Edit-14,302,Redirect,Https URL/API Test 1-1,text,true,,609,338,1,1,https://uno-uat.nivabupa.com/error.html,58,0,0
1695227654561,50,/api/AppUser/Edit-15,302,Redirect,Https URL/API Test 1-1,text,true,,609,338,1,1,https://uno-uat.nivabupa.com/error.html,50,0,0
1695227654612,50,/api/AppUser/Edit-16,302,Redirect,Https URL/API Test 1-1,text,true,,609,338,1,1,https://uno-uat.nivabupa.com/error.html,49,0,0
1695227654662,53,/api/AppUser/Edit-17,302,Redirect,Https URL/API Test 1-1,text,true,,609,338,1,1,https://uno-uat.nivabupa.com/error.html,53,0,0
1695227654716,51,/api/AppUser/Edit-18,302,Redirect,Https URL/API Test 1-1,text,true,,609,338,1,1,https://uno-uat.nivabupa.com/error.html,51,0,0
1695227654768,50,/api/AppUser/Edit-19,302,Redirect,Https URL/API Test 1-1,text,true,,609,338,1,1,https://uno-uat.nivabupa.com/error.html,50,0,0
1695227654818,48,/api/AppUser/Edit-20,302,Redirect,Https URL/API Test 1-1,text,true,,609,338,1,1,https://uno-uat.nivabupa.com/error.html,48,0,0
1695227654818,48,/api/AppUser/Edit-21,Non HTTP response code: java.io.IOException,Non HTTP response message: Exceeded maximum number of redirects: 20,Https URL/API Test 1-1,text,false,,609,338,1,1,https://uno-uat.nivabupa.com/error.html,48,0,0
1695227654870,1286,/api/Content/Share,Non HTTP response code: java.io.IOException,Non HTTP response message: Exceeded maximum number of redirects: 20,Https URL/API Test 1-1,text,false,,13353,7563,1,1,https://uno-uat.nivabupa.com/error.html,52,0,0
1695227654870,52,/api/Content/Share-0,302,Redirect,Https URL/API Test 1-1,text,true,,609,528,1,1,https://uno-uat.nivabupa.com/api/Content/Share,52,0,0
1695227654922,162,/api/Content/Share-1,302,Redirect,Https URL/API Test 1-1,text,true,,609,335,1,1,https://uno-uat.nivabupa.com/error.html,162,0,0
1695227655085,50,/api/Content/Share-2,302,Redirect,Https URL/API Test 1-1,text,true,,609,335,1,1,https://uno-uat.nivabupa.com/error.html,50,0,0
1695227655136,47,/api/Content/Share-3,302,Redirect,Https URL/API Test 1-1,text,true,,609,335,1,1,https://uno-uat.nivabupa.com/error.html,47,0,0
1695227655184,54,/api/Content/Share-4,302,Redirect,Https URL/API Test 1-1,text,true,,609,335,1,1,https://uno-uat.nivabupa.com/error.html,53,0,0
1695227655238,50,/api/Content/Share-5,302,Redirect,Https URL/API Test 1-1,text,true,,609,335,1,1,https://uno-uat.nivabupa.com/error.html,50,0,0
1695227655288,47,/api/Content/Share-6,302,Redirect,Https URL/API Test 1-1,text,true,,609,335,1,1,https://uno-uat.nivabupa.com/error.html,47,0,0
1695227655335,49,/api/Content/Share-7,302,Redirect,Https URL/API Test 1-1,text,true,,609,335,1,1,https://uno-uat.nivabupa.com/error.html,49,0,0
1695227655384,51,/api/Content/Share-8,302,Redirect,Https URL/API Test 1-1,text,true,,608,335,1,1,https://uno-uat.nivabupa.com/error.html,51,0,0
1695227655436,50,/api/Content/Share-9,302,Redirect,Https URL/API Test 1-1,text,true,,608,335,1,1,https://uno-uat.nivabupa.com/error.html,50,0,0
1695227655487,66,/api/Content/Share-10,302,Redirect,Https URL/API Test 1-1,text,true,,608,335,1,1,https://uno-uat.nivabupa.com/error.html,66,0,0
1695227655553,67,/api/Content/Share-11,302,Redirect,Https URL/API Test 1-1,text,true,,608,335,1,1,https://uno-uat.nivabupa.com/error.html,67,0,0
1695227655621,48,/api/Content/Share-12,302,Redirect,Https URL/API Test 1-1,text,true,,608,335,1,1,https://uno-uat.nivabupa.com/error.html,48,0,0
1695227655670,47,/api/Content/Share-13,302,Redirect,Https URL/API Test 1-1,text,true,,608,335,1,1,https://uno-uat.nivabupa.com/error.html,47,0,0
1695227655717,53,/api/Content/Share-14,302,Redirect,Https URL/API Test 1-1,text,true,,608,335,1,1,https://uno-uat.nivabupa.com/error.html,53,0,0
1695227655771,50,/api/Content/Share-15,302,Redirect,Https URL/API Test 1-1,text,true,,608,335,1,1,https://uno-uat.nivabupa.com/error.html,50,0,0
1695227655821,51,/api/Content/Share-16,302,Redirect,Https URL/API Test 1-1,text,true,,608,335,1,1,https://uno-uat.nivabupa.com/error.html,51,0,0
1695227655873,54,/api/Content/Share-17,302,Redirect,Https URL/API Test 1-1,text,true,,573,335,1,1,https://uno-uat.nivabupa.com/error.html,50,0,0
1695227655928,124,/api/Content/Share-18,302,Redirect,Https URL/API Test 1-1,text,true,,609,335,1,1,https://uno-uat.nivabupa.com/error.html,124,0,77
1695227656053,39,/api/Content/Share-19,302,Redirect,Https URL/API Test 1-1,text,true,,609,335,1,1,https://uno-uat.nivabupa.com/error.html,38,0,0
1695227656092,64,/api/Content/Share-20,302,Redirect,Https URL/API Test 1-1,text,true,,609,335,1,1,https://uno-uat.nivabupa.com/error.html,64,0,0
1695227656092,64,/api/Content/Share-21,Non HTTP response code: java.io.IOException,Non HTTP response message: Exceeded maximum number of redirects: 20,Https URL/API Test 1-1,text,false,,609,335,1,1,https://uno-uat.nivabupa.com/error.html,64,0,0
1695227656157,891,/api/Content/View,Non HTTP response code: java.io.IOException,Non HTTP response message: Exceeded maximum number of redirects: 20,Https URL/API Test 1-1,text,false,,13398,7519,1,1,https://uno-uat.nivabupa.com/error.html,69,0,0
1695227656157,69,/api/Content/View-0,302,Redirect,Https URL/API Test 1-1,text,true,,609,484,1,1,https://uno-uat.nivabupa.com/api/Content/View,69,0,0
1695227656227,38,/api/Content/View-1,302,Redirect,Https URL/API Test 1-1,text,true,,609,335,1,1,https://uno-uat.nivabupa.com/error.html,38,0,0
1695227656266,46,/api/Content/View-2,302,Redirect,Https URL/API Test 1-1,text,true,,609,335,1,1,https://uno-uat.nivabupa.com/error.html,46,0,0
1695227656312,43,/api/Content/View-3,302,Redirect,Https URL/API Test 1-1,text,true,,609,335,1,1,https://uno-uat.nivabupa.com/error.html,43,0,0
1695227656356,36,/api/Content/View-4,302,Redirect,Https URL/API Test 1-1,text,true,,609,335,1,1,https://uno-uat.nivabupa.com/error.html,36,0,0
1695227656392,40,/api/Content/View-5,302,Redirect,Https URL/API Test 1-1,text,true,,609,335,1,1,https://uno-uat.nivabupa.com/error.html,40,0,0
1695227656432,39,/api/Content/View-6,302,Redirect,Https URL/API Test 1-1,text,true,,609,335,1,1,https://uno-uat.nivabupa.com/error.html,39,0,0
1695227656472,39,/api/Content/View-7,302,Redirect,Https URL/API Test 1-1,text,true,,609,335,1,1,https://uno-uat.nivabupa.com/error.html,39,0,0
1695227656512,38,/api/Content/View-8,302,Redirect,Https URL/API Test 1-1,text,true,,609,335,1,1,https://uno-uat.nivabupa.com/error.html,38,0,0
1695227656551,46,/api/Content/View-9,302,Redirect,Https URL/API Test 1-1,text,true,,609,335,1,1,https://uno-uat.nivabupa.com/error.html,45,0,0
1695227656597,38,/api/Content/View-10,302,Redirect,Https URL/API Test 1-1,text,true,,609,335,1,1,https://uno-uat.nivabupa.com/error.html,38,0,0
1695227656636,39,/api/Content/View-11,302,Redirect,Https URL/API Test 1-1,text,true,,609,335,1,1,https://uno-uat.nivabupa.com/error.html,39,0,0
1695227656675,39,/api/Content/View-12,302,Redirect,Https URL/API Test 1-1,text,true,,609,335,1,1,https://uno-uat.nivabupa.com/error.html,39,0,0
1695227656715,42,/api/Content/View-13,302,Redirect,Https URL/API Test 1-1,text,true,,609,335,1,1,https://uno-uat.nivabupa.com/error.html,42,0,0
1695227656758,51,/api/Content/View-14,302,Redirect,Https URL/API Test 1-1,text,true,,609,335,1,1,https://uno-uat.nivabupa.com/error.html,51,0,0
1695227656809,40,/api/Content/View-15,302,Redirect,Https URL/API Test 1-1,text,true,,609,335,1,1,https://uno-uat.nivabupa.com/error.html,40,0,0
1695227656850,39,/api/Content/View-16,302,Redirect,Https URL/API Test 1-1,text,true,,609,335,1,1,https://uno-uat.nivabupa.com/error.html,39,0,0
1695227656890,37,/api/Content/View-17,302,Redirect,Https URL/API Test 1-1,text,true,,609,335,1,1,https://uno-uat.nivabupa.com/error.html,37,0,0
1695227656927,41,/api/Content/View-18,302,Redirect,Https URL/API Test 1-1,text,true,,609,335,1,1,https://uno-uat.nivabupa.com/error.html,41,0,0
1695227656968,39,/api/Content/View-19,302,Redirect,Https URL/API Test 1-1,text,true,,609,335,1,1,https://uno-uat.nivabupa.com/error.html,39,0,0
1695227657008,40,/api/Content/View-20,302,Redirect,Https URL/API Test 1-1,text,true,,609,335,1,1,https://uno-uat.nivabupa.com/error.html,39,0,0
1695227657008,40,/api/Content/View-21,Non HTTP response code: java.io.IOException,Non HTTP response message: Exceeded maximum number of redirects: 20,Https URL/API Test 1-1,text,false,,609,335,1,1,https://uno-uat.nivabupa.com/error.html,39,0,0
1695227657050,876,/api/FlashCard,Non HTTP response code: java.io.IOException,Non HTTP response message: Exceeded maximum number of redirects: 20,Https URL/API Test 1-1,text,false,,13398,7436,1,1,https://uno-uat.nivabupa.com/error.html,42,0,0
1695227657050,42,/api/FlashCard-0,302,Redirect,Https URL/API Test 1-1,text,true,,609,401,1,1,https://uno-uat.nivabupa.com/api/FlashCard,42,0,0
1695227657093,38,/api/FlashCard-1,302,Redirect,Https URL/API Test 1-1,text,true,,609,335,1,1,https://uno-uat.nivabupa.com/error.html,37,0,0
1695227657131,41,/api/FlashCard-2,302,Redirect,Https URL/API Test 1-1,text,true,,609,335,1,1,https://uno-uat.nivabupa.com/error.html,41,0,0
1695227657173,45,/api/FlashCard-3,302,Redirect,Https URL/API Test 1-1,text,true,,609,335,1,1,https://uno-uat.nivabupa.com/error.html,45,0,0
1695227657219,45,/api/FlashCard-4,302,Redirect,Https URL/API Test 1-1,text,true,,609,335,1,1,https://uno-uat.nivabupa.com/error.html,45,0,0
1695227657264,41,/api/FlashCard-5,302,Redirect,Https URL/API Test 1-1,text,true,,609,335,1,1,https://uno-uat.nivabupa.com/error.html,41,0,0
1695227657306,42,/api/FlashCard-6,302,Redirect,Https URL/API Test 1-1,text,true,,609,335,1,1,https://uno-uat.nivabupa.com/error.html,41,0,0
1695227657348,39,/api/FlashCard-7,302,Redirect,Https URL/API Test 1-1,text,true,,609,335,1,1,https://uno-uat.nivabupa.com/error.html,39,0,0
1695227657388,39,/api/FlashCard-8,302,Redirect,Https URL/API Test 1-1,text,true,,609,335,1,1,https://uno-uat.nivabupa.com/error.html,39,0,0
1695227657427,43,/api/FlashCard-9,302,Redirect,Https URL/API Test 1-1,text,true,,609,335,1,1,https://uno-uat.nivabupa.com/error.html,43,0,0
1695227657470,41,/api/FlashCard-10,302,Redirect,Https URL/API Test 1-1,text,true,,609,335,1,1,https://uno-uat.nivabupa.com/error.html,41,0,0
1695227657512,41,/api/FlashCard-11,302,Redirect,Https URL/API Test 1-1,text,true,,609,335,1,1,https://uno-uat.nivabupa.com/error.html,41,0,0
1695227657553,46,/api/FlashCard-12,302,Redirect,Https URL/API Test 1-1,text,true,,609,335,1,1,https://uno-uat.nivabupa.com/error.html,45,0,0
1695227657599,41,/api/FlashCard-13,302,Redirect,Https URL/API Test 1-1,text,true,,609,335,1,1,https://uno-uat.nivabupa.com/error.html,41,0,0
1695227657640,43,/api/FlashCard-14,302,Redirect,Https URL/API Test 1-1,text,true,,609,335,1,1,https://uno-uat.nivabupa.com/error.html,43,0,0
1695227657684,40,/api/FlashCard-15,302,Redirect,Https URL/API Test 1-1,text,true,,609,335,1,1,https://uno-uat.nivabupa.com/error.html,40,0,0
1695227657725,44,/api/FlashCard-16,302,Redirect,Https URL/API Test 1-1,text,true,,609,335,1,1,https://uno-uat.nivabupa.com/error.html,44,0,0
1695227657770,38,/api/FlashCard-17,302,Redirect,Https URL/API Test 1-1,text,true,,609,335,1,1,https://uno-uat.nivabupa.com/error.html,38,0,0
1695227657809,38,/api/FlashCard-18,302,Redirect,Https URL/API Test 1-1,text,true,,609,335,1,1,https://uno-uat.nivabupa.com/error.html,38,0,0
1695227657848,41,/api/FlashCard-19,302,Redirect,Https URL/API Test 1-1,text,true,,609,335,1,1,https://uno-uat.nivabupa.com/error.html,41,0,0
1695227657890,36,/api/FlashCard-20,302,Redirect,Https URL/API Test 1-1,text,true,,609,335,1,1,https://uno-uat.nivabupa.com/error.html,36,0,0
1695227657890,36,/api/FlashCard-21,Non HTTP response code: java.io.IOException,Non HTTP response message: Exceeded maximum number of redirects: 20,Https URL/API Test 1-1,text,false,,609,335,1,1,https://uno-uat.nivabupa.com/error.html,36,0,0
1695227657930,1035,/api/FlashCard/:id,Non HTTP response code: java.io.IOException,Non HTTP response message: Exceeded maximum number of redirects: 20,Https URL/API Test 1-1,text,false,,13353,6678,1,1,https://uno-uat.nivabupa.com/error.html,41,0,0
1695227657930,41,/api/FlashCard/:id-0,302,Redirect,Https URL/API Test 1-1,text,true,,609,315,1,1,https://uno-uat.nivabupa.com/api/FlashCard/:id?id=6,41,0,0
1695227657971,41,/api/FlashCard/:id-1,302,Redirect,Https URL/API Test 1-1,text,true,,609,303,1,1,https://uno-uat.nivabupa.com/error.html,41,0,0
1695227658013,44,/api/FlashCard/:id-2,302,Redirect,Https URL/API Test 1-1,text,true,,609,303,1,1,https://uno-uat.nivabupa.com/error.html,44,0,0
1695227658058,51,/api/FlashCard/:id-3,302,Redirect,Https URL/API Test 1-1,text,true,,609,303,1,1,https://uno-uat.nivabupa.com/error.html,51,0,0
1695227658110,41,/api/FlashCard/:id-4,302,Redirect,Https URL/API Test 1-1,text,true,,609,303,1,1,https://uno-uat.nivabupa.com/error.html,41,0,0
1695227658152,38,/api/FlashCard/:id-5,302,Redirect,Https URL/API Test 1-1,text,true,,609,303,1,1,https://uno-uat.nivabupa.com/error.html,38,0,0
1695227658191,40,/api/FlashCard/:id-6,302,Redirect,Https URL/API Test 1-1,text,true,,608,303,1,1,https://uno-uat.nivabupa.com/error.html,40,0,0
1695227658232,67,/api/FlashCard/:id-7,302,Redirect,Https URL/API Test 1-1,text,true,,608,303,1,1,https://uno-uat.nivabupa.com/error.html,67,0,0
1695227658299,40,/api/FlashCard/:id-8,302,Redirect,Https URL/API Test 1-1,text,true,,608,303,1,1,https://uno-uat.nivabupa.com/error.html,40,0,0
1695227658340,41,/api/FlashCard/:id-9,302,Redirect,Https URL/API Test 1-1,text,true,,608,303,1,1,https://uno-uat.nivabupa.com/error.html,41,0,0
1695227658382,37,/api/FlashCard/:id-10,302,Redirect,Https URL/API Test 1-1,text,true,,608,303,1,1,https://uno-uat.nivabupa.com/error.html,37,0,0
1695227658420,36,/api/FlashCard/:id-11,302,Redirect,Https URL/API Test 1-1,text,true,,608,303,1,1,https://uno-uat.nivabupa.com/error.html,36,0,0
1695227658456,47,/api/FlashCard/:id-12,302,Redirect,Https URL/API Test 1-1,text,true,,608,303,1,1,https://uno-uat.nivabupa.com/error.html,47,0,0
1695227658504,41,/api/FlashCard/:id-13,302,Redirect,Https URL/API Test 1-1,text,true,,608,303,1,1,https://uno-uat.nivabupa.com/error.html,41,0,0
1695227658545,41,/api/FlashCard/:id-14,302,Redirect,Https URL/API Test 1-1,text,true,,608,303,1,1,https://uno-uat.nivabupa.com/error.html,41,0,0
1695227658587,42,/api/FlashCard/:id-15,302,Redirect,Https URL/API Test 1-1,text,true,,573,303,1,1,https://uno-uat.nivabupa.com/error.html,41,0,0
1695227658629,129,/api/FlashCard/:id-16,302,Redirect,Https URL/API Test 1-1,text,true,,609,303,1,1,https://uno-uat.nivabupa.com/error.html,129,0,80
1695227658758,61,/api/FlashCard/:id-17,302,Redirect,Https URL/API Test 1-1,text,true,,609,303,1,1,https://uno-uat.nivabupa.com/error.html,61,0,0
1695227658820,47,/api/FlashCard/:id-18,302,Redirect,Https URL/API Test 1-1,text,true,,609,303,1,1,https://uno-uat.nivabupa.com/error.html,47,0,0
1695227658867,47,/api/FlashCard/:id-19,302,Redirect,Https URL/API Test 1-1,text,true,,609,303,1,1,https://uno-uat.nivabupa.com/error.html,47,0,0
1695227658915,50,/api/FlashCard/:id-20,302,Redirect,Https URL/API Test 1-1,text,true,,609,303,1,1,https://uno-uat.nivabupa.com/error.html,50,0,0
1695227658915,50,/api/FlashCard/:id-21,Non HTTP response code: java.io.IOException,Non HTTP response message: Exceeded maximum number of redirects: 20,Https URL/API Test 1-1,text,false,,609,303,1,1,https://uno-uat.nivabupa.com/error.html,50,0,0
1695227658969,1041,/api/GrowContent/:id,Non HTTP response code: java.io.IOException,Non HTTP response message: Exceeded maximum number of redirects: 20,Https URL/API Test 1-1,text,false,,13398,6682,1,1,https://uno-uat.nivabupa.com/error.html,45,0,0
1695227658969,45,/api/GrowContent/:id-0,302,Redirect,Https URL/API Test 1-1,text,true,,609,319,1,1,https://uno-uat.nivabupa.com/api/GrowContent/:id?id=127,45,0,0
1695227659015,43,/api/GrowContent/:id-1,302,Redirect,Https URL/API Test 1-1,text,true,,609,303,1,1,https://uno-uat.nivabupa.com/error.html,43,0,0
1695227659059,46,/api/GrowContent/:id-2,302,Redirect,Https URL/API Test 1-1,text,true,,609,303,1,1,https://uno-uat.nivabupa.com/error.html,46,0,0
1695227659105,43,/api/GrowContent/:id-3,302,Redirect,Https URL/API Test 1-1,text,true,,609,303,1,1,https://uno-uat.nivabupa.com/error.html,43,0,0
1695227659149,42,/api/GrowContent/:id-4,302,Redirect,Https URL/API Test 1-1,text,true,,609,303,1,1,https://uno-uat.nivabupa.com/error.html,42,0,0
1695227659192,44,/api/GrowContent/:id-5,302,Redirect,Https URL/API Test 1-1,text,true,,609,303,1,1,https://uno-uat.nivabupa.com/error.html,44,0,0
1695227659237,55,/api/GrowContent/:id-6,302,Redirect,Https URL/API Test 1-1,text,true,,609,303,1,1,https://uno-uat.nivabupa.com/error.html,55,0,0
1695227659293,44,/api/GrowContent/:id-7,302,Redirect,Https URL/API Test 1-1,text,true,,609,303,1,1,https://uno-uat.nivabupa.com/error.html,44,0,0
1695227659338,54,/api/GrowContent/:id-8,302,Redirect,Https URL/API Test 1-1,text,true,,609,303,1,1,https://uno-uat.nivabupa.com/error.html,54,0,0
1695227659393,119,/api/GrowContent/:id-9,302,Redirect,Https URL/API Test 1-1,text,true,,609,303,1,1,https://uno-uat.nivabupa.com/error.html,119,0,0
1695227659513,55,/api/GrowContent/:id-10,302,Redirect,Https URL/API Test 1-1,text,true,,609,303,1,1,https://uno-uat.nivabupa.com/error.html,55,0,0
1695227659568,48,/api/GrowContent/:id-11,302,Redirect,Https URL/API Test 1-1,text,true,,609,303,1,1,https://uno-uat.nivabupa.com/error.html,48,0,0
1695227659616,44,/api/GrowContent/:id-12,302,Redirect,Https URL/API Test 1-1,text,true,,609,303,1,1,https://uno-uat.nivabupa.com/error.html,44,0,0
1695227659660,43,/api/GrowContent/:id-13,302,Redirect,Https URL/API Test 1-1,text,true,,609,303,1,1,https://uno-uat.nivabupa.com/error.html,43,0,0
1695227659703,42,/api/GrowContent/:id-14,302,Redirect,Https URL/API Test 1-1,text,true,,609,303,1,1,https://uno-uat.nivabupa.com/error.html,42,0,0
1695227659745,50,/api/GrowContent/:id-15,302,Redirect,Https URL/API Test 1-1,text,true,,609,303,1,1,https://uno-uat.nivabupa.com/error.html,49,0,0
1695227659795,43,/api/GrowContent/:id-16,302,Redirect,Https URL/API Test 1-1,text,true,,609,303,1,1,https://uno-uat.nivabupa.com/error.html,43,0,0
1695227659839,42,/api/GrowContent/:id-17,302,Redirect,Https URL/API Test 1-1,text,true,,609,303,1,1,https://uno-uat.nivabupa.com/error.html,42,0,0
1695227659881,44,/api/GrowContent/:id-18,302,Redirect,Https URL/API Test 1-1,text,true,,609,303,1,1,https://uno-uat.nivabupa.com/error.html,44,0,0
1695227659925,43,/api/GrowContent/:id-19,302,Redirect,Https URL/API Test 1-1,text,true,,609,303,1,1,https://uno-uat.nivabupa.com/error.html,43,0,0
1695227659968,42,/api/GrowContent/:id-20,302,Redirect,Https URL/API Test 1-1,text,true,,609,303,1,1,https://uno-uat.nivabupa.com/error.html,42,0,0
1695227659968,42,/api/GrowContent/:id-21,Non HTTP response code: java.io.IOException,Non HTTP response message: Exceeded maximum number of redirects: 20,Https URL/API Test 1-1,text,false,,609,303,1,1,https://uno-uat.nivabupa.com/error.html,42,0,0
1695227660014,1068,/api/GrowContent/Search,Non HTTP response code: java.io.IOException,Non HTTP response message: Exceeded maximum number of redirects: 20,Https URL/API Test 1-1,text,false,,13398,7522,1,1,https://uno-uat.nivabupa.com/error.html,51,0,0
1695227660014,51,/api/GrowContent/Search-0,302,Redirect,Https URL/API Test 1-1,text,true,,609,487,1,1,https://uno-uat.nivabupa.com/api/GrowContent/Search,51,0,0
1695227660066,61,/api/GrowContent/Search-1,302,Redirect,Https URL/API Test 1-1,text,true,,609,335,1,1,https://uno-uat.nivabupa.com/error.html,61,0,0
1695227660127,50,/api/GrowContent/Search-2,302,Redirect,Https URL/API Test 1-1,text,true,,609,335,1,1,https://uno-uat.nivabupa.com/error.html,50,0,0
1695227660178,45,/api/GrowContent/Search-3,302,Redirect,Https URL/API Test 1-1,text,true,,609,335,1,1,https://uno-uat.nivabupa.com/error.html,45,0,0
1695227660224,45,/api/GrowContent/Search-4,302,Redirect,Https URL/API Test 1-1,text,true,,609,335,1,1,https://uno-uat.nivabupa.com/error.html,45,0,0
1695227660269,52,/api/GrowContent/Search-5,302,Redirect,Https URL/API Test 1-1,text,true,,609,335,1,1,https://uno-uat.nivabupa.com/error.html,52,0,0
1695227660321,47,/api/GrowContent/Search-6,302,Redirect,Https URL/API Test 1-1,text,true,,609,335,1,1,https://uno-uat.nivabupa.com/error.html,47,0,0
1695227660369,44,/api/GrowContent/Search-7,302,Redirect,Https URL/API Test 1-1,text,true,,609,335,1,1,https://uno-uat.nivabupa.com/error.html,43,0,0
1695227660413,45,/api/GrowContent/Search-8,302,Redirect,Https URL/API Test 1-1,text,true,,609,335,1,1,https://uno-uat.nivabupa.com/error.html,45,0,0
1695227660459,48,/api/GrowContent/Search-9,302,Redirect,Https URL/API Test 1-1,text,true,,609,335,1,1,https://uno-uat.nivabupa.com/error.html,48,0,0
1695227660508,46,/api/GrowContent/Search-10,302,Redirect,Https URL/API Test 1-1,text,true,,609,335,1,1,https://uno-uat.nivabupa.com/error.html,46,0,0
1695227660555,48,/api/GrowContent/Search-11,302,Redirect,Https URL/API Test 1-1,text,true,,609,335,1,1,https://uno-uat.nivabupa.com/error.html,48,0,0
1695227660603,63,/api/GrowContent/Search-12,302,Redirect,Https URL/API Test 1-1,text,true,,609,335,1,1,https://uno-uat.nivabupa.com/error.html,63,0,0
1695227660666,98,/api/GrowContent/Search-13,302,Redirect,Https URL/API Test 1-1,text,true,,609,335,1,1,https://uno-uat.nivabupa.com/error.html,98,0,0
1695227660764,44,/api/GrowContent/Search-14,302,Redirect,Https URL/API Test 1-1,text,true,,609,335,1,1,https://uno-uat.nivabupa.com/error.html,44,0,0
1695227660809,45,/api/GrowContent/Search-15,302,Redirect,Https URL/API Test 1-1,text,true,,609,335,1,1,https://uno-uat.nivabupa.com/error.html,45,0,0
1695227660854,46,/api/GrowContent/Search-16,302,Redirect,Https URL/API Test 1-1,text,true,,609,335,1,1,https://uno-uat.nivabupa.com/error.html,46,0,0
1695227660900,47,/api/GrowContent/Search-17,302,Redirect,Https URL/API Test 1-1,text,true,,609,335,1,1,https://uno-uat.nivabupa.com/error.html,46,0,0
1695227660947,47,/api/GrowContent/Search-18,302,Redirect,Https URL/API Test 1-1,text,true,,609,335,1,1,https://uno-uat.nivabupa.com/error.html,47,0,0
1695227660995,43,/api/GrowContent/Search-19,302,Redirect,Https URL/API Test 1-1,text,true,,609,335,1,1,https://uno-uat.nivabupa.com/error.html,43,0,0
1695227661039,43,/api/GrowContent/Search-20,302,Redirect,Https URL/API Test 1-1,text,true,,609,335,1,1,https://uno-uat.nivabupa.com/error.html,43,0,0
1695227661039,43,/api/GrowContent/Search-21,Non HTTP response code: java.io.IOException,Non HTTP response message: Exceeded maximum number of redirects: 20,Https URL/API Test 1-1,text,false,,609,335,1,1,https://uno-uat.nivabupa.com/error.html,43,0,0
1695227661084,1136,/api/GrowContent/LeadFormSubmit,Non HTTP response code: java.io.IOException,Non HTTP response message: Exceeded maximum number of redirects: 20,Https URL/API Test 1-1,text,false,,13353,7662,1,1,https://uno-uat.nivabupa.com/error.html,54,0,0
1695227661084,54,/api/GrowContent/LeadFormSubmit-0,302,Redirect,Https URL/API Test 1-1,text,true,,609,627,1,1,https://uno-uat.nivabupa.com/api/GrowContent/LeadFormSubmit,54,0,0
1695227661138,90,/api/GrowContent/LeadFormSubmit-1,302,Redirect,Https URL/API Test 1-1,text,true,,609,335,1,1,https://uno-uat.nivabupa.com/error.html,90,0,0
1695227661229,45,/api/GrowContent/LeadFormSubmit-2,302,Redirect,Https URL/API Test 1-1,text,true,,609,335,1,1,https://uno-uat.nivabupa.com/error.html,45,0,0
1695227661275,46,/api/GrowContent/LeadFormSubmit-3,302,Redirect,Https URL/API Test 1-1,text,true,,609,335,1,1,https://uno-uat.nivabupa.com/error.html,46,0,0
1695227661321,49,/api/GrowContent/LeadFormSubmit-4,302,Redirect,Https URL/API Test 1-1,text,true,,608,335,1,1,https://uno-uat.nivabupa.com/error.html,49,0,0
1695227661371,45,/api/GrowContent/LeadFormSubmit-5,302,Redirect,Https URL/API Test 1-1,text,true,,608,335,1,1,https://uno-uat.nivabupa.com/error.html,45,0,0
1695227661417,46,/api/GrowContent/LeadFormSubmit-6,302,Redirect,Https URL/API Test 1-1,text,true,,608,335,1,1,https://uno-uat.nivabupa.com/error.html,46,0,0
1695227661463,44,/api/GrowContent/LeadFormSubmit-7,302,Redirect,Https URL/API Test 1-1,text,true,,608,335,1,1,https://uno-uat.nivabupa.com/error.html,44,0,0
1695227661507,45,/api/GrowContent/LeadFormSubmit-8,302,Redirect,Https URL/API Test 1-1,text,true,,608,335,1,1,https://uno-uat.nivabupa.com/error.html,45,0,0
1695227661553,46,/api/GrowContent/LeadFormSubmit-9,302,Redirect,Https URL/API Test 1-1,text,true,,608,335,1,1,https://uno-uat.nivabupa.com/error.html,46,0,0
1695227661599,43,/api/GrowContent/LeadFormSubmit-10,302,Redirect,Https URL/API Test 1-1,text,true,,608,335,1,1,https://uno-uat.nivabupa.com/error.html,43,0,0
1695227661643,45,/api/GrowContent/LeadFormSubmit-11,302,Redirect,Https URL/API Test 1-1,text,true,,608,335,1,1,https://uno-uat.nivabupa.com/error.html,45,0,0
1695227661688,45,/api/GrowContent/LeadFormSubmit-12,302,Redirect,Https URL/API Test 1-1,text,true,,608,335,1,1,https://uno-uat.nivabupa.com/error.html,45,0,0
1695227661734,46,/api/GrowContent/LeadFormSubmit-13,302,Redirect,Https URL/API Test 1-1,text,true,,573,335,1,1,https://uno-uat.nivabupa.com/error.html,45,0,0
1695227661781,165,/api/GrowContent/LeadFormSubmit-14,302,Redirect,Https URL/API Test 1-1,text,true,,609,335,1,1,https://uno-uat.nivabupa.com/error.html,165,0,116
1695227661946,41,/api/GrowContent/LeadFormSubmit-15,302,Redirect,Https URL/API Test 1-1,text,true,,609,335,1,1,https://uno-uat.nivabupa.com/error.html,41,0,0
1695227661988,45,/api/GrowContent/LeadFormSubmit-16,302,Redirect,Https URL/API Test 1-1,text,true,,609,335,1,1,https://uno-uat.nivabupa.com/error.html,45,0,0
1695227662034,48,/api/GrowContent/LeadFormSubmit-17,302,Redirect,Https URL/API Test 1-1,text,true,,609,335,1,1,https://uno-uat.nivabupa.com/error.html,48,0,0
1695227662082,47,/api/GrowContent/LeadFormSubmit-18,302,Redirect,Https URL/API Test 1-1,text,true,,609,335,1,1,https://uno-uat.nivabupa.com/error.html,47,0,0
1695227662130,44,/api/GrowContent/LeadFormSubmit-19,302,Redirect,Https URL/API Test 1-1,text,true,,609,335,1,1,https://uno-uat.nivabupa.com/error.html,44,0,0
1695227662175,45,/api/GrowContent/LeadFormSubmit-20,302,Redirect,Https URL/API Test 1-1,text,true,,609,335,1,1,https://uno-uat.nivabupa.com/error.html,45,0,0
1695227662175,45,/api/GrowContent/LeadFormSubmit-21,Non HTTP response code: java.io.IOException,Non HTTP response message: Exceeded maximum number of redirects: 20,Https URL/API Test 1-1,text,false,,609,335,1,1,https://uno-uat.nivabupa.com/error.html,45,0,0
1695227662223,934,/api/GrowContentType,Non HTTP response code: java.io.IOException,Non HTTP response message: Exceeded maximum number of redirects: 20,Https URL/API Test 1-1,text,false,,13398,6720,1,1,https://uno-uat.nivabupa.com/error.html,43,0,0
1695227662223,43,/api/GrowContentType-0,302,Redirect,Https URL/API Test 1-1,text,true,,609,357,1,1,https://uno-uat.nivabupa.com/api/GrowContentType,43,0,0
1695227662267,40,/api/GrowContentType-1,302,Redirect,Https URL/API Test 1-1,text,true,,609,303,1,1,https://uno-uat.nivabupa.com/error.html,40,0,0
1695227662308,41,/api/GrowContentType-2,302,Redirect,Https URL/API Test 1-1,text,true,,609,303,1,1,https://uno-uat.nivabupa.com/error.html,41,0,0
1695227662349,40,/api/GrowContentType-3,302,Redirect,Https URL/API Test 1-1,text,true,,609,303,1,1,https://uno-uat.nivabupa.com/error.html,40,0,0
1695227662390,42,/api/GrowContentType-4,302,Redirect,Https URL/API Test 1-1,text,true,,609,303,1,1,https://uno-uat.nivabupa.com/error.html,42,0,0
1695227662433,41,/api/GrowContentType-5,302,Redirect,Https URL/API Test 1-1,text,true,,609,303,1,1,https://uno-uat.nivabupa.com/error.html,40,0,0
1695227662474,41,/api/GrowContentType-6,302,Redirect,Https URL/API Test 1-1,text,true,,609,303,1,1,https://uno-uat.nivabupa.com/error.html,41,0,0
1695227662515,39,/api/GrowContentType-7,302,Redirect,Https URL/API Test 1-1,text,true,,609,303,1,1,https://uno-uat.nivabupa.com/error.html,39,0,0
1695227662554,45,/api/GrowContentType-8,302,Redirect,Https URL/API Test 1-1,text,true,,609,303,1,1,https://uno-uat.nivabupa.com/error.html,44,0,0
1695227662599,43,/api/GrowContentType-9,302,Redirect,Https URL/API Test 1-1,text,true,,609,303,1,1,https://uno-uat.nivabupa.com/error.html,43,0,0
1695227662643,40,/api/GrowContentType-10,302,Redirect,Https URL/API Test 1-1,text,true,,609,303,1,1,https://uno-uat.nivabupa.com/error.html,40,0,0
1695227662684,52,/api/GrowContentType-11,302,Redirect,Https URL/API Test 1-1,text,true,,609,303,1,1,https://uno-uat.nivabupa.com/error.html,52,0,0
1695227662736,58,/api/GrowContentType-12,302,Redirect,Https URL/API Test 1-1,text,true,,609,303,1,1,https://uno-uat.nivabupa.com/error.html,58,0,0
1695227662795,39,/api/GrowContentType-13,302,Redirect,Https URL/API Test 1-1,text,true,,609,303,1,1,https://uno-uat.nivabupa.com/error.html,39,0,0
1695227662834,42,/api/GrowContentType-14,302,Redirect,Https URL/API Test 1-1,text,true,,609,303,1,1,https://uno-uat.nivabupa.com/error.html,42,0,0
1695227662877,40,/api/GrowContentType-15,302,Redirect,Https URL/API Test 1-1,text,true,,609,303,1,1,https://uno-uat.nivabupa.com/error.html,40,0,0
1695227662917,50,/api/GrowContentType-16,302,Redirect,Https URL/API Test 1-1,text,true,,609,303,1,1,https://uno-uat.nivabupa.com/error.html,50,0,0
1695227662968,42,/api/GrowContentType-17,302,Redirect,Https URL/API Test 1-1,text,true,,609,303,1,1,https://uno-uat.nivabupa.com/error.html,42,0,0
1695227663011,40,/api/GrowContentType-18,302,Redirect,Https URL/API Test 1-1,text,true,,609,303,1,1,https://uno-uat.nivabupa.com/error.html,40,0,0
1695227663052,46,/api/GrowContentType-19,302,Redirect,Https URL/API Test 1-1,text,true,,609,303,1,1,https://uno-uat.nivabupa.com/error.html,46,0,0
1695227663099,58,/api/GrowContentType-20,302,Redirect,Https URL/API Test 1-1,text,true,,609,303,1,1,https://uno-uat.nivabupa.com/error.html,58,0,0
1695227663099,58,/api/GrowContentType-21,Non HTTP response code: java.io.IOException,Non HTTP response message: Exceeded maximum number of redirects: 20,Https URL/API Test 1-1,text,false,,609,303,1,1,https://uno-uat.nivabupa.com/error.html,58,0,0
1695227663161,1054,/api/GrowContentType/:id?id=3,Non HTTP response code: java.io.IOException,Non HTTP response message: Exceeded maximum number of redirects: 20,Https URL/API Test 1-1,text,false,,13398,7472,1,1,https://uno-uat.nivabupa.com/error.html,46,0,0
1695227663161,46,/api/GrowContentType/:id?id=3-0,302,Redirect,Https URL/API Test 1-1,text,true,,609,437,1,1,https://uno-uat.nivabupa.com/api/GrowContentType/:id,46,0,0
1695227663208,43,/api/GrowContentType/:id?id=3-1,302,Redirect,Https URL/API Test 1-1,text,true,,609,335,1,1,https://uno-uat.nivabupa.com/error.html,43,0,0
1695227663251,45,/api/GrowContentType/:id?id=3-2,302,Redirect,Https URL/API Test 1-1,text,true,,609,335,1,1,https://uno-uat.nivabupa.com/error.html,45,0,0
1695227663296,41,/api/GrowContentType/:id?id=3-3,302,Redirect,Https URL/API Test 1-1,text,true,,609,335,1,1,https://uno-uat.nivabupa.com/error.html,41,0,0
1695227663339,44,/api/GrowContentType/:id?id=3-4,302,Redirect,Https URL/API Test 1-1,text,true,,609,335,1,1,https://uno-uat.nivabupa.com/error.html,44,0,0
1695227663384,41,/api/GrowContentType/:id?id=3-5,302,Redirect,Https URL/API Test 1-1,text,true,,609,335,1,1,https://uno-uat.nivabupa.com/error.html,41,0,0
1695227663426,42,/api/GrowContentType/:id?id=3-6,302,Redirect,Https URL/API Test 1-1,text,true,,609,335,1,1,https://uno-uat.nivabupa.com/error.html,41,0,0
1695227663468,44,/api/GrowContentType/:id?id=3-7,302,Redirect,Https URL/API Test 1-1,text,true,,609,335,1,1,https://uno-uat.nivabupa.com/error.html,44,0,0
1695227663513,42,/api/GrowContentType/:id?id=3-8,302,Redirect,Https URL/API Test 1-1,text,true,,609,335,1,1,https://uno-uat.nivabupa.com/error.html,41,0,0
1695227663555,45,/api/GrowContentType/:id?id=3-9,302,Redirect,Https URL/API Test 1-1,text,true,,609,335,1,1,https://uno-uat.nivabupa.com/error.html,45,0,0
1695227663600,44,/api/GrowContentType/:id?id=3-10,302,Redirect,Https URL/API Test 1-1,text,true,,609,335,1,1,https://uno-uat.nivabupa.com/error.html,44,0,0
1695227663644,46,/api/GrowContentType/:id?id=3-11,302,Redirect,Https URL/API Test 1-1,text,true,,609,335,1,1,https://uno-uat.nivabupa.com/error.html,46,0,0
1695227663691,145,/api/GrowContentType/:id?id=3-12,302,Redirect,Https URL/API Test 1-1,text,true,,609,335,1,1,https://uno-uat.nivabupa.com/error.html,144,0,0
1695227663837,43,/api/GrowContentType/:id?id=3-13,302,Redirect,Https URL/API Test 1-1,text,true,,609,335,1,1,https://uno-uat.nivabupa.com/error.html,43,0,0
1695227663881,50,/api/GrowContentType/:id?id=3-14,302,Redirect,Https URL/API Test 1-1,text,true,,609,335,1,1,https://uno-uat.nivabupa.com/error.html,50,0,0
1695227663931,43,/api/GrowContentType/:id?id=3-15,302,Redirect,Https URL/API Test 1-1,text,true,,609,335,1,1,https://uno-uat.nivabupa.com/error.html,43,0,0
1695227663975,45,/api/GrowContentType/:id?id=3-16,302,Redirect,Https URL/API Test 1-1,text,true,,609,335,1,1,https://uno-uat.nivabupa.com/error.html,45,0,0
1695227664021,50,/api/GrowContentType/:id?id=3-17,302,Redirect,Https URL/API Test 1-1,text,true,,609,335,1,1,https://uno-uat.nivabupa.com/error.html,50,0,0
1695227664071,54,/api/GrowContentType/:id?id=3-18,302,Redirect,Https URL/API Test 1-1,text,true,,609,335,1,1,https://uno-uat.nivabupa.com/error.html,54,0,0
1695227664125,46,/api/GrowContentType/:id?id=3-19,302,Redirect,Https URL/API Test 1-1,text,true,,609,335,1,1,https://uno-uat.nivabupa.com/error.html,45,0,0
1695227664171,45,/api/GrowContentType/:id?id=3-20,302,Redirect,Https URL/API Test 1-1,text,true,,609,335,1,1,https://uno-uat.nivabupa.com/error.html,45,0,0
1695227664171,45,/api/GrowContentType/:id?id=3-21,Non HTTP response code: java.io.IOException,Non HTTP response message: Exceeded maximum number of redirects: 20,Https URL/API Test 1-1,text,false,,609,335,1,1,https://uno-uat.nivabupa.com/error.html,45,0,0
1695227664220,1111,/api/LearnContent/:id,Non HTTP response code: java.io.IOException,Non HTTP response message: Exceeded maximum number of redirects: 20,Https URL/API Test 1-1,text,false,,13353,6682,1,1,https://uno-uat.nivabupa.com/error.html,41,0,0
1695227664220,41,/api/LearnContent/:id-0,302,Redirect,Https URL/API Test 1-1,text,true,,609,319,1,1,https://uno-uat.nivabupa.com/api/LearnContent/:id?id=28,41,0,0
1695227664262,40,/api/LearnContent/:id-1,302,Redirect,Https URL/API Test 1-1,text,true,,609,303,1,1,https://uno-uat.nivabupa.com/error.html,40,0,0
1695227664302,41,/api/LearnContent/:id-2,302,Redirect,Https URL/API Test 1-1,text,true,,608,303,1,1,https://uno-uat.nivabupa.com/error.html,41,0,0
1695227664344,59,/api/LearnContent/:id-3,302,Redirect,Https URL/API Test 1-1,text,true,,608,303,1,1,https://uno-uat.nivabupa.com/error.html,59,0,0
1695227664403,71,/api/LearnContent/:id-4,302,Redirect,Https URL/API Test 1-1,text,true,,608,303,1,1,https://uno-uat.nivabupa.com/error.html,70,0,0
1695227664474,43,/api/LearnContent/:id-5,302,Redirect,Https URL/API Test 1-1,text,true,,608,303,1,1,https://uno-uat.nivabupa.com/error.html,43,0,0
1695227664517,48,/api/LearnContent/:id-6,302,Redirect,Https URL/API Test 1-1,text,true,,608,303,1,1,https://uno-uat.nivabupa.com/error.html,48,0,0
1695227664566,68,/api/LearnContent/:id-7,302,Redirect,Https URL/API Test 1-1,text,true,,608,303,1,1,https://uno-uat.nivabupa.com/error.html,68,0,0
1695227664635,46,/api/LearnContent/:id-8,302,Redirect,Https URL/API Test 1-1,text,true,,608,303,1,1,https://uno-uat.nivabupa.com/error.html,46,0,0
1695227664681,47,/api/LearnContent/:id-9,302,Redirect,Https URL/API Test 1-1,text,true,,608,303,1,1,https://uno-uat.nivabupa.com/error.html,47,0,0
1695227664729,45,/api/LearnContent/:id-10,302,Redirect,Https URL/API Test 1-1,text,true,,608,303,1,1,https://uno-uat.nivabupa.com/error.html,44,0,0
1695227664774,65,/api/LearnContent/:id-11,302,Redirect,Https URL/API Test 1-1,text,true,,573,303,1,1,https://uno-uat.nivabupa.com/error.html,64,0,0
1695227664840,149,/api/LearnContent/:id-12,302,Redirect,Https URL/API Test 1-1,text,true,,609,303,1,1,https://uno-uat.nivabupa.com/error.html,149,0,108
1695227664989,39,/api/LearnContent/:id-13,302,Redirect,Https URL/API Test 1-1,text,true,,609,303,1,1,https://uno-uat.nivabupa.com/error.html,39,0,0
1695227665028,39,/api/LearnContent/:id-14,302,Redirect,Https URL/API Test 1-1,text,true,,609,303,1,1,https://uno-uat.nivabupa.com/error.html,39,0,0
1695227665068,44,/api/LearnContent/:id-15,302,Redirect,Https URL/API Test 1-1,text,true,,609,303,1,1,https://uno-uat.nivabupa.com/error.html,44,0,0
1695227665112,40,/api/LearnContent/:id-16,302,Redirect,Https URL/API Test 1-1,text,true,,609,303,1,1,https://uno-uat.nivabupa.com/error.html,40,0,0
1695227665153,52,/api/LearnContent/:id-17,302,Redirect,Https URL/API Test 1-1,text,true,,609,303,1,1,https://uno-uat.nivabupa.com/error.html,52,0,0
1695227665206,41,/api/LearnContent/:id-18,302,Redirect,Https URL/API Test 1-1,text,true,,609,303,1,1,https://uno-uat.nivabupa.com/error.html,40,0,0
1695227665247,42,/api/LearnContent/:id-19,302,Redirect,Https URL/API Test 1-1,text,true,,609,303,1,1,https://uno-uat.nivabupa.com/error.html,42,0,0
1695227665289,42,/api/LearnContent/:id-20,302,Redirect,Https URL/API Test 1-1,text,true,,609,303,1,1,https://uno-uat.nivabupa.com/error.html,42,0,0
1695227665289,42,/api/LearnContent/:id-21,Non HTTP response code: java.io.IOException,Non HTTP response message: Exceeded maximum number of redirects: 20,Https URL/API Test 1-1,text,false,,609,303,1,1,https://uno-uat.nivabupa.com/error.html,42,0,0
1695227665333,981,/api/LearnContent/Search,Non HTTP response code: java.io.IOException,Non HTTP response message: Exceeded maximum number of redirects: 20,Https URL/API Test 1-1,text,false,,13398,7518,1,1,https://uno-uat.nivabupa.com/error.html,47,0,0
1695227665333,47,/api/LearnContent/Search-0,302,Redirect,Https URL/API Test 1-1,text,true,,609,483,1,1,https://uno-uat.nivabupa.com/api/LearnContent/Search,47,0,0
1695227665381,47,/api/LearnContent/Search-1,302,Redirect,Https URL/API Test 1-1,text,true,,609,335,1,1,https://uno-uat.nivabupa.com/error.html,47,0,0
1695227665428,41,/api/LearnContent/Search-2,302,Redirect,Https URL/API Test 1-1,text,true,,609,335,1,1,https://uno-uat.nivabupa.com/error.html,41,0,0
1695227665470,44,/api/LearnContent/Search-3,302,Redirect,Https URL/API Test 1-1,text,true,,609,335,1,1,https://uno-uat.nivabupa.com/error.html,44,0,0
1695227665515,45,/api/LearnContent/Search-4,302,Redirect,Https URL/API Test 1-1,text,true,,609,335,1,1,https://uno-uat.nivabupa.com/error.html,45,0,0
1695227665560,44,/api/LearnContent/Search-5,302,Redirect,Https URL/API Test 1-1,text,true,,609,335,1,1,https://uno-uat.nivabupa.com/error.html,44,0,0
1695227665604,43,/api/LearnContent/Search-6,302,Redirect,Https URL/API Test 1-1,text,true,,609,335,1,1,https://uno-uat.nivabupa.com/error.html,43,0,0
1695227665648,56,/api/LearnContent/Search-7,302,Redirect,Https URL/API Test 1-1,text,true,,609,335,1,1,https://uno-uat.nivabupa.com/error.html,56,0,0
1695227665704,41,/api/LearnContent/Search-8,302,Redirect,Https URL/API Test 1-1,text,true,,609,335,1,1,https://uno-uat.nivabupa.com/error.html,41,0,0
1695227665746,39,/api/LearnContent/Search-9,302,Redirect,Https URL/API Test 1-1,text,true,,609,335,1,1,https://uno-uat.nivabupa.com/error.html,39,0,0
1695227665785,43,/api/LearnContent/Search-10,302,Redirect,Https URL/API Test 1-1,text,true,,609,335,1,1,https://uno-uat.nivabupa.com/error.html,43,0,0
1695227665828,44,/api/LearnContent/Search-11,302,Redirect,Https URL/API Test 1-1,text,true,,609,335,1,1,https://uno-uat.nivabupa.com/error.html,44,0,0
1695227665872,64,/api/LearnContent/Search-12,302,Redirect,Https URL/API Test 1-1,text,true,,609,335,1,1,https://uno-uat.nivabupa.com/error.html,64,0,0
1695227665936,63,/api/LearnContent/Search-13,302,Redirect,Https URL/API Test 1-1,text,true,,609,335,1,1,https://uno-uat.nivabupa.com/error.html,63,0,0
1695227666000,43,/api/LearnContent/Search-14,302,Redirect,Https URL/API Test 1-1,text,true,,609,335,1,1,https://uno-uat.nivabupa.com/error.html,43,0,0
1695227666044,40,/api/LearnContent/Search-15,302,Redirect,Https URL/API Test 1-1,text,true,,609,335,1,1,https://uno-uat.nivabupa.com/error.html,40,0,0
1695227666085,50,/api/LearnContent/Search-16,302,Redirect,Https URL/API Test 1-1,text,true,,609,335,1,1,https://uno-uat.nivabupa.com/error.html,50,0,0
1695227666136,47,/api/LearnContent/Search-17,302,Redirect,Https URL/API Test 1-1,text,true,,609,335,1,1,https://uno-uat.nivabupa.com/error.html,47,0,0
1695227666184,42,/api/LearnContent/Search-18,302,Redirect,Https URL/API Test 1-1,text,true,,609,335,1,1,https://uno-uat.nivabupa.com/error.html,42,0,0
1695227666227,42,/api/LearnContent/Search-19,302,Redirect,Https URL/API Test 1-1,text,true,,609,335,1,1,https://uno-uat.nivabupa.com/error.html,42,0,0
1695227666270,44,/api/LearnContent/Search-20,302,Redirect,Https URL/API Test 1-1,text,true,,609,335,1,1,https://uno-uat.nivabupa.com/error.html,44,0,0
1695227666270,44,/api/LearnContent/Search-21,Non HTTP response code: java.io.IOException,Non HTTP response message: Exceeded maximum number of redirects: 20,Https URL/API Test 1-1,text,false,,609,335,1,1,https://uno-uat.nivabupa.com/error.html,44,0,0
1695227666316,872,/api/LearnContentType,Non HTTP response code: java.io.IOException,Non HTTP response message: Exceeded maximum number of redirects: 20,Https URL/API Test 1-1,text,false,,13398,6676,1,1,https://uno-uat.nivabupa.com/error.html,41,0,0
1695227666316,41,/api/LearnContentType-0,302,Redirect,Https URL/API Test 1-1,text,true,,609,313,1,1,https://uno-uat.nivabupa.com/api/LearnContentType,41,0,0
1695227666358,37,/api/LearnContentType-1,302,Redirect,Https URL/API Test 1-1,text,true,,609,303,1,1,https://uno-uat.nivabupa.com/error.html,37,0,0
1695227666396,37,/api/LearnContentType-2,302,Redirect,Https URL/API Test 1-1,text,true,,609,303,1,1,https://uno-uat.nivabupa.com/error.html,37,0,0
1695227666434,42,/api/LearnContentType-3,302,Redirect,Https URL/API Test 1-1,text,true,,609,303,1,1,https://uno-uat.nivabupa.com/error.html,42,0,0
1695227666477,39,/api/LearnContentType-4,302,Redirect,Https URL/API Test 1-1,text,true,,609,303,1,1,https://uno-uat.nivabupa.com/error.html,39,0,0
1695227666516,40,/api/LearnContentType-5,302,Redirect,Https URL/API Test 1-1,text,true,,609,303,1,1,https://uno-uat.nivabupa.com/error.html,40,0,0
1695227666556,45,/api/LearnContentType-6,302,Redirect,Https URL/API Test 1-1,text,true,,609,303,1,1,https://uno-uat.nivabupa.com/error.html,45,0,0
1695227666601,39,/api/LearnContentType-7,302,Redirect,Https URL/API Test 1-1,text,true,,609,303,1,1,https://uno-uat.nivabupa.com/error.html,39,0,0
1695227666641,40,/api/LearnContentType-8,302,Redirect,Https URL/API Test 1-1,text,true,,609,303,1,1,https://uno-uat.nivabupa.com/error.html,40,0,0
1695227666681,39,/api/LearnContentType-9,302,Redirect,Https URL/API Test 1-1,text,true,,609,303,1,1,https://uno-uat.nivabupa.com/error.html,39,0,0
1695227666721,36,/api/LearnContentType-10,302,Redirect,Https URL/API Test 1-1,text,true,,609,303,1,1,https://uno-uat.nivabupa.com/error.html,36,0,0
1695227666758,61,/api/LearnContentType-11,302,Redirect,Https URL/API Test 1-1,text,true,,609,303,1,1,https://uno-uat.nivabupa.com/error.html,61,0,0
1695227666819,40,/api/LearnContentType-12,302,Redirect,Https URL/API Test 1-1,text,true,,609,303,1,1,https://uno-uat.nivabupa.com/error.html,40,0,0
1695227666860,42,/api/LearnContentType-13,302,Redirect,Https URL/API Test 1-1,text,true,,609,303,1,1,https://uno-uat.nivabupa.com/error.html,42,0,0
1695227666903,40,/api/LearnContentType-14,302,Redirect,Https URL/API Test 1-1,text,true,,609,303,1,1,https://uno-uat.nivabupa.com/error.html,40,0,0
1695227666944,40,/api/LearnContentType-15,302,Redirect,Https URL/API Test 1-1,text,true,,609,303,1,1,https://uno-uat.nivabupa.com/error.html,40,0,0
1695227666985,37,/api/LearnContentType-16,302,Redirect,Https URL/API Test 1-1,text,true,,609,303,1,1,https://uno-uat.nivabupa.com/error.html,37,0,0
1695227667022,38,/api/LearnContentType-17,302,Redirect,Https URL/API Test 1-1,text,true,,609,303,1,1,https://uno-uat.nivabupa.com/error.html,38,0,0
1695227667061,44,/api/LearnContentType-18,302,Redirect,Https URL/API Test 1-1,text,true,,609,303,1,1,https://uno-uat.nivabupa.com/error.html,44,0,0
1695227667105,44,/api/LearnContentType-19,302,Redirect,Https URL/API Test 1-1,text,true,,609,303,1,1,https://uno-uat.nivabupa.com/error.html,44,0,0
1695227667150,38,/api/LearnContentType-20,302,Redirect,Https URL/API Test 1-1,text,true,,609,303,1,1,https://uno-uat.nivabupa.com/error.html,38,0,0
1695227667150,38,/api/LearnContentType-21,Non HTTP response code: java.io.IOException,Non HTTP response message: Exceeded maximum number of redirects: 20,Https URL/API Test 1-1,text,false,,609,303,1,1,https://uno-uat.nivabupa.com/error.html,38,0,0
1695227667190,1094,/api/LearnContentType/:id,Non HTTP response code: java.io.IOException,Non HTTP response message: Exceeded maximum number of redirects: 20,Https URL/API Test 1-1,text,false,,13353,7489,1,1,https://uno-uat.nivabupa.com/error.html,44,0,0
1695227667190,44,/api/LearnContentType/:id-0,302,Redirect,Https URL/API Test 1-1,text,true,,608,454,1,1,https://uno-uat.nivabupa.com/api/LearnContentType/:id,44,0,0
1695227667234,39,/api/LearnContentType/:id-1,302,Redirect,Https URL/API Test 1-1,text,true,,608,335,1,1,https://uno-uat.nivabupa.com/error.html,39,0,0
1695227667274,45,/api/LearnContentType/:id-2,302,Redirect,Https URL/API Test 1-1,text,true,,608,335,1,1,https://uno-uat.nivabupa.com/error.html,45,0,0
1695227667319,43,/api/LearnContentType/:id-3,302,Redirect,Https URL/API Test 1-1,text,true,,608,335,1,1,https://uno-uat.nivabupa.com/error.html,43,0,0
1695227667362,40,/api/LearnContentType/:id-4,302,Redirect,Https URL/API Test 1-1,text,true,,608,335,1,1,https://uno-uat.nivabupa.com/error.html,40,0,0
1695227667402,41,/api/LearnContentType/:id-5,302,Redirect,Https URL/API Test 1-1,text,true,,608,335,1,1,https://uno-uat.nivabupa.com/error.html,41,0,0
1695227667443,72,/api/LearnContentType/:id-6,302,Redirect,Https URL/API Test 1-1,text,true,,608,335,1,1,https://uno-uat.nivabupa.com/error.html,72,0,0
1695227667516,63,/api/LearnContentType/:id-7,302,Redirect,Https URL/API Test 1-1,text,true,,608,335,1,1,https://uno-uat.nivabupa.com/error.html,63,0,0
1695227667580,43,/api/LearnContentType/:id-8,302,Redirect,Https URL/API Test 1-1,text,true,,608,335,1,1,https://uno-uat.nivabupa.com/error.html,43,0,0
1695227667624,38,/api/LearnContentType/:id-9,302,Redirect,Https URL/API Test 1-1,text,true,,573,335,1,1,https://uno-uat.nivabupa.com/error.html,37,0,0
1695227667662,175,/api/LearnContentType/:id-10,302,Redirect,Https URL/API Test 1-1,text,true,,609,335,1,1,https://uno-uat.nivabupa.com/error.html,175,0,127
1695227667837,45,/api/LearnContentType/:id-11,302,Redirect,Https URL/API Test 1-1,text,true,,609,335,1,1,https://uno-uat.nivabupa.com/error.html,45,0,0
1695227667882,46,/api/LearnContentType/:id-12,302,Redirect,Https URL/API Test 1-1,text,true,,609,335,1,1,https://uno-uat.nivabupa.com/error.html,46,0,0
1695227667929,43,/api/LearnContentType/:id-13,302,Redirect,Https URL/API Test 1-1,text,true,,609,335,1,1,https://uno-uat.nivabupa.com/error.html,43,0,0
1695227667973,45,/api/LearnContentType/:id-14,302,Redirect,Https URL/API Test 1-1,text,true,,609,335,1,1,https://uno-uat.nivabupa.com/error.html,45,0,0
1695227668019,43,/api/LearnContentType/:id-15,302,Redirect,Https URL/API Test 1-1,text,true,,609,335,1,1,https://uno-uat.nivabupa.com/error.html,43,0,0
1695227668063,56,/api/LearnContentType/:id-16,302,Redirect,Https URL/API Test 1-1,text,true,,609,335,1,1,https://uno-uat.nivabupa.com/error.html,56,0,0
1695227668119,41,/api/LearnContentType/:id-17,302,Redirect,Https URL/API Test 1-1,text,true,,609,335,1,1,https://uno-uat.nivabupa.com/error.html,41,0,0
1695227668160,41,/api/LearnContentType/:id-18,302,Redirect,Https URL/API Test 1-1,text,true,,609,335,1,1,https://uno-uat.nivabupa.com/error.html,41,0,0
1695227668201,43,/api/LearnContentType/:id-19,302,Redirect,Https URL/API Test 1-1,text,true,,609,335,1,1,https://uno-uat.nivabupa.com/error.html,43,0,0
1695227668244,40,/api/LearnContentType/:id-20,302,Redirect,Https URL/API Test 1-1,text,true,,609,335,1,1,https://uno-uat.nivabupa.com/error.html,40,0,0
1695227668244,40,/api/LearnContentType/:id-21,Non HTTP response code: java.io.IOException,Non HTTP response message: Exceeded maximum number of redirects: 20,Https URL/API Test 1-1,text,false,,609,335,1,1,https://uno-uat.nivabupa.com/error.html,40,0,0
1695227668287,976,/api/Account/Login,Non HTTP response code: java.io.IOException,Non HTTP response message: Exceeded maximum number of redirects: 20,Https URL/API Test 1-1,text,false,,13398,7458,1,1,https://uno-uat.nivabupa.com/error.html,47,0,0
1695227668287,47,/api/Account/Login-0,302,Redirect,Https URL/API Test 1-1,text,true,,609,423,1,1,https://uno-uat.nivabupa.com/api/Account/Login,47,0,0
1695227668335,40,/api/Account/Login-1,302,Redirect,Https URL/API Test 1-1,text,true,,609,335,1,1,https://uno-uat.nivabupa.com/error.html,40,0,0
1695227668376,41,/api/Account/Login-2,302,Redirect,Https URL/API Test 1-1,text,true,,609,335,1,1,https://uno-uat.nivabupa.com/error.html,41,0,0
1695227668418,40,/api/Account/Login-3,302,Redirect,Https URL/API Test 1-1,text,true,,609,335,1,1,https://uno-uat.nivabupa.com/error.html,40,0,0
1695227668459,43,/api/Account/Login-4,302,Redirect,Https URL/API Test 1-1,text,true,,609,335,1,1,https://uno-uat.nivabupa.com/error.html,43,0,0
1695227668503,51,/api/Account/Login-5,302,Redirect,Https URL/API Test 1-1,text,true,,609,335,1,1,https://uno-uat.nivabupa.com/error.html,51,0,0
1695227668555,39,/api/Account/Login-6,302,Redirect,Https URL/API Test 1-1,text,true,,609,335,1,1,https://uno-uat.nivabupa.com/error.html,39,0,0
1695227668595,49,/api/Account/Login-7,302,Redirect,Https URL/API Test 1-1,text,true,,609,335,1,1,https://uno-uat.nivabupa.com/error.html,49,0,0
1695227668644,44,/api/Account/Login-8,302,Redirect,Https URL/API Test 1-1,text,true,,609,335,1,1,https://uno-uat.nivabupa.com/error.html,44,0,0
1695227668688,49,/api/Account/Login-9,302,Redirect,Https URL/API Test 1-1,text,true,,609,335,1,1,https://uno-uat.nivabupa.com/error.html,49,0,0
1695227668738,44,/api/Account/Login-10,302,Redirect,Https URL/API Test 1-1,text,true,,609,335,1,1,https://uno-uat.nivabupa.com/error.html,44,0,0
1695227668783,39,/api/Account/Login-11,302,Redirect,Https URL/API Test 1-1,text,true,,609,335,1,1,https://uno-uat.nivabupa.com/error.html,39,0,0
1695227668823,44,/api/Account/Login-12,302,Redirect,Https URL/API Test 1-1,text,true,,609,335,1,1,https://uno-uat.nivabupa.com/error.html,44,0,0
1695227668867,44,/api/Account/Login-13,302,Redirect,Https URL/API Test 1-1,text,true,,609,335,1,1,https://uno-uat.nivabupa.com/error.html,44,0,0
1695227668911,43,/api/Account/Login-14,302,Redirect,Https URL/API Test 1-1,text,true,,609,335,1,1,https://uno-uat.nivabupa.com/error.html,43,0,0
1695227668954,42,/api/Account/Login-15,302,Redirect,Https URL/API Test 1-1,text,true,,609,335,1,1,https://uno-uat.nivabupa.com/error.html,42,0,0
1695227668997,42,/api/Account/Login-16,302,Redirect,Https URL/API Test 1-1,text,true,,609,335,1,1,https://uno-uat.nivabupa.com/error.html,42,0,0
1695227669040,42,/api/Account/Login-17,302,Redirect,Https URL/API Test 1-1,text,true,,609,335,1,1,https://uno-uat.nivabupa.com/error.html,42,0,0
1695227669083,89,/api/Account/Login-18,302,Redirect,Https URL/API Test 1-1,text,true,,609,335,1,1,https://uno-uat.nivabupa.com/error.html,89,0,0
1695227669173,44,/api/Account/Login-19,302,Redirect,Https URL/API Test 1-1,text,true,,609,335,1,1,https://uno-uat.nivabupa.com/error.html,44,0,0
1695227669217,46,/api/Account/Login-20,302,Redirect,Https URL/API Test 1-1,text,true,,609,335,1,1,https://uno-uat.nivabupa.com/error.html,45,0,0
1695227669217,46,/api/Account/Login-21,Non HTTP response code: java.io.IOException,Non HTTP response message: Exceeded maximum number of redirects: 20,Https URL/API Test 1-1,text,false,,609,335,1,1,https://uno-uat.nivabupa.com/error.html,45,0,0
1695227669265,982,/api/MyWebsiteRequest,Non HTTP response code: java.io.IOException,Non HTTP response message: Exceeded maximum number of redirects: 20,Https URL/API Test 1-1,text,false,,13395,7573,1,1,https://uno-uat.nivabupa.com/error.html,51,0,0
1695227669265,51,/api/MyWebsiteRequest-0,302,Redirect,Https URL/API Test 1-1,text,true,,609,538,1,1,https://uno-uat.nivabupa.com/api/MyWebsiteRequest,51,0,0
1695227669316,44,/api/MyWebsiteRequest-1,302,Redirect,Https URL/API Test 1-1,text,true,,609,335,1,1,https://uno-uat.nivabupa.com/error.html,43,0,0
1695227669360,42,/api/MyWebsiteRequest-2,302,Redirect,Https URL/API Test 1-1,text,true,,609,335,1,1,https://uno-uat.nivabupa.com/error.html,42,0,0
1695227669403,48,/api/MyWebsiteRequest-3,302,Redirect,Https URL/API Test 1-1,text,true,,609,335,1,1,https://uno-uat.nivabupa.com/error.html,48,0,0
1695227669451,44,/api/MyWebsiteRequest-4,302,Redirect,Https URL/API Test 1-1,text,true,,609,335,1,1,https://uno-uat.nivabupa.com/error.html,44,0,0
1695227669495,44,/api/MyWebsiteRequest-5,302,Redirect,Https URL/API Test 1-1,text,true,,609,335,1,1,https://uno-uat.nivabupa.com/error.html,43,0,0
1695227669539,43,/api/MyWebsiteRequest-6,302,Redirect,Https URL/API Test 1-1,text,true,,609,335,1,1,https://uno-uat.nivabupa.com/error.html,43,0,0
1695227669583,56,/api/MyWebsiteRequest-7,302,Redirect,Https URL/API Test 1-1,text,true,,609,335,1,1,https://uno-uat.nivabupa.com/error.html,56,0,0
1695227669639,43,/api/MyWebsiteRequest-8,302,Redirect,Https URL/API Test 1-1,text,true,,609,335,1,1,https://uno-uat.nivabupa.com/error.html,43,0,0
1695227669682,42,/api/MyWebsiteRequest-9,302,Redirect,Https URL/API Test 1-1,text,true,,609,335,1,1,https://uno-uat.nivabupa.com/error.html,42,0,0
1695227669725,46,/api/MyWebsiteRequest-10,302,Redirect,Https URL/API Test 1-1,text,true,,609,335,1,1,https://uno-uat.nivabupa.com/error.html,46,0,0
1695227669771,40,/api/MyWebsiteRequest-11,302,Redirect,Https URL/API Test 1-1,text,true,,609,335,1,1,https://uno-uat.nivabupa.com/error.html,40,0,0
1695227669811,40,/api/MyWebsiteRequest-12,302,Redirect,Https URL/API Test 1-1,text,true,,609,335,1,1,https://uno-uat.nivabupa.com/error.html,40,0,0
1695227669852,44,/api/MyWebsiteRequest-13,302,Redirect,Https URL/API Test 1-1,text,true,,609,335,1,1,https://uno-uat.nivabupa.com/error.html,43,0,0
1695227669896,40,/api/MyWebsiteRequest-14,302,Redirect,Https URL/API Test 1-1,text,true,,609,335,1,1,https://uno-uat.nivabupa.com/error.html,40,0,0
1695227669937,87,/api/MyWebsiteRequest-15,302,Redirect,Https URL/API Test 1-1,text,true,,609,335,1,1,https://uno-uat.nivabupa.com/error.html,87,0,0
1695227670024,42,/api/MyWebsiteRequest-16,302,Redirect,Https URL/API Test 1-1,text,true,,609,335,1,1,https://uno-uat.nivabupa.com/error.html,42,0,0
1695227670066,43,/api/MyWebsiteRequest-17,302,Redirect,Https URL/API Test 1-1,text,true,,609,335,1,1,https://uno-uat.nivabupa.com/error.html,43,0,0
1695227670110,45,/api/MyWebsiteRequest-18,302,Redirect,Https URL/API Test 1-1,text,true,,609,335,1,1,https://uno-uat.nivabupa.com/error.html,45,0,0
1695227670156,50,/api/MyWebsiteRequest-19,302,Redirect,Https URL/API Test 1-1,text,true,,608,335,1,1,https://uno-uat.nivabupa.com/error.html,50,0,0
1695227670206,41,/api/MyWebsiteRequest-20,302,Redirect,Https URL/API Test 1-1,text,true,,608,335,1,1,https://uno-uat.nivabupa.com/error.html,41,0,0
1695227670206,41,/api/MyWebsiteRequest-21,Non HTTP response code: java.io.IOException,Non HTTP response message: Exceeded maximum number of redirects: 20,Https URL/API Test 1-1,text,false,,608,335,1,1,https://uno-uat.nivabupa.com/error.html,41,0,0
